{
  "name": "8QV1",
  "timestamp": "2026-05-20T12:37:39",
  "transmons": {
    "Q1": {
      "name": "Q1",
      "role": "Qubit",
      "w_max": 4410.589117945084,
      "w_min": 3522.265349078521,
      "c": -2648.0133908070584,
      "ffgain_quantum": 107491.78315112014,
      "Ec": 188,
      "crosstalk_map": {
        "Q1": 0.4327350585213506,
        "Q2": 0.0,
        "Q3": 0.011984763858410935,
        "Q4": -0.012839315508792998,
        "Q5": 0.01714830030540873,
        "Q6": -0.011035795996432736,
        "Q7": 0.014156793842455696,
        "Q8": -0.006748680883295303,
        "C1": 0.014384835155162208,
        "C2": -0.010928229344579578,
        "C3": 0.013052053128042876,
        "C4": -0.010171992380629928,
        "C5": 0.01299357527245295,
        "C6": -0.007993470031716438
      }
    },
    "Q2": {
      "name": "Q2",
      "role": "Qubit",
      "w_max": 4419.783699157842,
      "w_min": 3514.494650373891,
      "c": -2594.874958384811,
      "ffgain_quantum": 116002.48460087947,
      "Ec": 187,
      "crosstalk_map": {
        "Q1": 0.0,
        "Q2": 0.4046003745861158,
        "Q3": 0.0,
        "Q4": 0.0,
        "Q5": 0.0,
        "Q6": 0.0,
        "Q7": 0.0,
        "Q8": 0.0,
        "C1": 0.0,
        "C2": 0.0,
        "C3": 0.0,
        "C4": 0.0,
        "C5": 0.0,
        "C6": 0.0
      }
    },
    "Q3": {
      "name": "Q3",
      "role": "Qubit",
      "w_max": 4379.483228830052,
      "w_min": 3472.00012067391,
      "c": -2543.398339735427,
      "ffgain_quantum": 101566.62293762814,
      "Ec": 184,
      "crosstalk_map": {
        "Q1": -0.0052225111239221815,
        "Q2": 0.0,
        "Q3": 0.42842532384396037,
        "Q4": -0.004418724011498896,
        "Q5": 0.007356979609926983,
        "Q6": -0.0029524104583937773,
        "Q7": 0.006697972194421298,
        "Q8": -0.0011479034468468543,
        "C1": -0.004809322406078061,
        "C2": -0.0038214022904805196,
        "C3": 0.008777265696219604,
        "C4": -0.003032294716753865,
        "C5": 0.005632568577217528,
        "C6": -0.001926742077973961
      }
    },
    "Q4": {
      "name": "Q4",
      "role": "Qubit",
      "w_max": 4435.509299448113,
      "w_min": 3515.750993189651,
      "c": -2641.3523322347373,
      "ffgain_quantum": 110240.17074307533,
      "Ec": 187,
      "crosstalk_map": {
        "Q1": 0.0053598966229782205,
        "Q2": 0.0,
        "Q3": 0.003739679270079143,
        "Q4": 0.38981517477604194,
        "Q5": 0.0030297706501179822,
        "Q6": -0.006900140336634407,
        "Q7": 0.001447008912759651,
        "Q8": -0.006032417187436806,
        "C1": 0.004647737439339753,
        "C2": 0.0032458656588401887,
        "C3": 0.003115239629830638,
        "C4": -0.009500598548292619,
        "C5": 0.0021686702540611134,
        "C6": -0.004687368737377233
      }
    },
    "Q5": {
      "name": "Q5",
      "role": "Qubit",
      "w_max": 4403.586243048207,
      "w_min": 3511.371675808954,
      "c": -2506.4590572125876,
      "ffgain_quantum": 102801.11466147639,
      "Ec": 183,
      "crosstalk_map": {
        "Q1": -0.005493520008491289,
        "Q2": 0.0,
        "Q3": -0.005158756227816681,
        "Q4": 0.001334102349747878,
        "Q5": 0.43301911917833236,
        "Q6": 0.0032969918210293708,
        "Q7": 0.0014538447452012541,
        "Q8": 0.0035334944590327353,
        "C1": -0.006100564582751302,
        "C2": 0.0006708432454069845,
        "C3": -0.00861327643229768,
        "C4": 0.0017527025262528422,
        "C5": 0.003790373861574945,
        "C6": 0.0024524658385418844
      }
    },
    "Q6": {
      "name": "Q6",
      "role": "Qubit",
      "w_max": 4381.751145336698,
      "w_min": 3511.638041614651,
      "c": -2578.515779368772,
      "ffgain_quantum": 112241.56833021135,
      "Ec": 186,
      "crosstalk_map": {
        "Q1": 0.002987291734845311,
        "Q2": 0.0,
        "Q3": -0.0015923145764460073,
        "Q4": 0.006181169816591555,
        "Q5": -0.0034921180745960748,
        "Q6": 0.39369942896654503,
        "Q7": -0.004074482329618854,
        "Q8": -0.0020838531203886887,
        "C1": -0.0005798275241987467,
        "C2": 0.0051433692570146475,
        "C3": -0.0024964718835191867,
        "C4": 0.007529828716671724,
        "C5": -0.003199292864849431,
        "C6": -0.005526028527639764
      }
    },
    "Q7": {
      "name": "Q7",
      "role": "Qubit",
      "w_max": 4326.038525296068,
      "w_min": 3446.4082407776787,
      "c": -2547.9226827424036,
      "ffgain_quantum": 102889.90858533738,
      "Ec": 187,
      "crosstalk_map": {
        "Q1": -0.007445135958587908,
        "Q2": 0.0,
        "Q3": -0.0116193586342676,
        "Q4": 0.008787974387098708,
        "Q5": -0.013594753059482191,
        "Q6": 0.010650409763499059,
        "Q7": 0.4255340278299727,
        "Q8": 0.009439321866479649,
        "C1": -0.012644647538040513,
        "C2": 0.006452112109847499,
        "C3": -0.012171311874325932,
        "C4": 0.00798810237076819,
        "C5": -0.015005113444787272,
        "C6": 0.008243730074300609
      }
    },
    "Q8": {
      "name": "Q8",
      "role": "Qubit",
      "w_max": 4418.909167213383,
      "w_min": 3510.6207224838945,
      "c": -2598.116752976247,
      "ffgain_quantum": 97581.95632216308,
      "Ec": 187,
      "crosstalk_map": {
        "Q1": 0.0013121932941136203,
        "Q2": 0.0,
        "Q3": -0.008958364342295876,
        "Q4": 0.016934177929483755,
        "Q5": -0.01437930352583413,
        "Q6": 0.016749520038528823,
        "Q7": -0.013984257941581743,
        "Q8": 0.40573409639521674,
        "C1": -0.0074451387500090935,
        "C2": 0.013488998285945242,
        "C3": -0.01114586121847028,
        "C4": 0.013839530266009648,
        "C5": -0.012263927961081047,
        "C6": 0.01634286923074884
      }
    },
    "C1": {
      "name": "C1",
      "role": "Coupler",
      "w_max": 6146.431845376801,
      "w_min": 1532.1976139170881,
      "c": -1532.1978784943637,
      "ffgain_quantum": 0,
      "Ec": 185,
      "crosstalk_map": {
        "Q1": 0.004003448965183388,
        "Q2": 0.0,
        "Q3": -0.00970497399702641,
        "Q4": 0.007285589147117857,
        "Q5": -0.01020067857111235,
        "Q6": 0.006065481997841514,
        "Q7": -0.008807059408837626,
        "Q8": 0.003507283072651333,
        "C1": 0.327394398936623,
        "C2": 0.005785673047519016,
        "C3": -0.00824477344468383,
        "C4": 0.0053697632219848294,
        "C5": -0.007852933001070747,
        "C6": 0.004244149768020918
      }
    },
    "C2": {
      "name": "C2",
      "role": "Coupler",
      "w_max": 6173.751959822679,
      "w_min": 1627.596815576865,
      "c": -1627.5969138959715,
      "ffgain_quantum": 0,
      "Ec": 185,
      "crosstalk_map": {
        "Q1": 0.0012490876161900407,
        "Q2": 0.0,
        "Q3": 0.0052212303569250055,
        "Q4": -0.007672053779633094,
        "Q5": 0.005404767452676736,
        "Q6": -0.00852762577317947,
        "Q7": 0.0028309657147533034,
        "Q8": -0.007821715714353337,
        "C1": 0.006735822392191653,
        "C2": 0.3241082404844251,
        "C3": 0.005553077679805299,
        "C4": -0.005544330861424909,
        "C5": 0.0019647155429482134,
        "C6": -0.005790816523450631
      }
    },
    "C3": {
      "name": "C3",
      "role": "Coupler",
      "w_max": 6111.147379119171,
      "w_min": 1501.0452145912427,
      "c": -1501.0452184244064,
      "ffgain_quantum": 0,
      "Ec": 185,
      "crosstalk_map": {
        "Q1": 0.004256830457148138,
        "Q2": 0.0,
        "Q3": 0.0031902438156461823,
        "Q4": 0.00053376667276634,
        "Q5": -0.00544538878561273,
        "Q6": -0.00033853230010303173,
        "Q7": -0.00325117178399099,
        "Q8": -0.001071963258773108,
        "C1": 0.003564682641231981,
        "C2": 0.0006712883757062993,
        "C3": 0.33633376686755884,
        "C4": 0.00011608862247824124,
        "C5": -0.002622271227488251,